Article ID,Sentence,Female Sentiment,Male Sentiment
5,"**Barry Humphries (Dame Edna to You Possums) Is Dead at 89**

Barry Humphries, the Australian comedian and actor best known for his iconic character Dame Edna Everage, has passed away at the age of 89.",,Positive
5,"Humphries died peacefully surrounded by family at a hospital in Sydney after complications following hip surgery.

Born in Melbourne in 1934, Humphries rose to international fame with his sharp wit and satirical humor, most notably through his alter ego, Dame Edna.",,Neutral
5,"The flamboyant housewife with her signature lilac-colored hair and cat-eye glasses became a beloved figure on television and stage, entertaining audiences with her biting commentary and extravagant personality.

Humphries' career spanned over seven decades, during which he also created other memorable characters, including the lecherous Sir Les Patterson.",Positive,Positive
5,"His work was celebrated for its clever social critique and his ability to embody diverse personas with ease.

Beyond his comedic achievements, Humphries was a prolific writer, painter, and actor, contributing significantly to the arts.",,Neutral
5,"He received numerous accolades throughout his career, including a CBE and an AO for his services to entertainment.

Fans and colleagues worldwide are mourning the loss of a true entertainment legend.",,Neutral
5,"Tributes have poured in from fellow comedians, actors, and admirers, all celebrating Humphries' extraordinary talent and his enduring impact on comedy.

Barry Humphries leaves behind a legacy of laughter and a unique cultural footprint that will continue to influence generations of performers.",,Neutral
5,"He is survived by his wife, Lizzie Spender, and his four children.",,Neutral
6,"Known for his innovative and often enigmatic style, Ashbery's poetry provided a thought-provoking companion to the visual elements.",,Neutral
6,"Passengers received complimentary booklets featuring a selection of his early poems, chosen for their ability to evoke the introspective nature of travel.

The initiative received enthusiastic feedback from passengers, who appreciated the opportunity to engage with art and literature in an unexpected setting.",,Neutral
7,"""It's a commentary on globalization and identity,"" he said.",,Neutral
9,"**From Lucinda Williams: A Memoir as Flinty as Her Songs**

In an exciting development for fans of Americana and roots music, celebrated singer-songwriter Lucinda Williams has released a memoir that promises to be as raw and unfiltered as her storied music career.",Neutral,
9,"Titled ""Don't Tell Anybody the Secrets I Told You,"" the book delves into the personal and professional life of an artist known for her gritty, emotionally charged songs.

Williams, whose career spans over four decades, has long been revered for her ability to capture the complexities of love, loss, and resilience in her music.",Neutral,
9,"Her memoir is expected to offer the same depth and authenticity, providing readers with an intimate look at the experiences that have shaped her as an artist and individual.

The memoir covers her early life in the South, her struggles to break into the music industry, and the personal challenges she has faced along the way.",Neutral,
9,"Fans can expect candid stories about her relationships, creative process, and the inspirations behind some of her most beloved songs.

Critics have already praised the memoir for its honesty and the way it mirrors the flinty, no-nonsense style that Williams is known for in her songwriting.",Positive,
9,"As she lays bare her journey with unflinching honesty, readers are offered a rare glimpse into the mind of a musical icon who has consistently defied convention.

""From Lucinda Williams: A Memoir as Flinty as Her Songs"" is now available in bookstores and online, offering a compelling read for music lovers and anyone interested in the life of one of America's most influential artists.",Neutral,
10,"Sophie, an accomplished artist in her own right, is launching a series of online workshops designed to make this traditional art form accessible to a new generation.

Sophie Pissarro, who has inherited the artistic legacy of her renowned ancestor, brings a modern twist to the classic discipline of figure drawing.",Neutral,
10,Her workshops aim to break down barriers and encourage participants to explore their creativity in a supportive and inclusive environment.,Neutral,
10,"Participants will have the chance to receive personalized feedback and guidance from Sophie, who is passionate about nurturing talent and fostering a love for the arts.

Sophie Pissarro's initiative not only pays homage to her great-great-grandfather's legacy but also seeks to inspire a new wave of artists.",Neutral,
10,"Camille Pissarro, a pivotal figure in the Impressionist movement, was known for his innovative approach and commitment to pushing artistic boundaries.",,Positive
10,"Sophie continues this tradition by encouraging creativity and exploration in her students.

The online format of the workshops makes them accessible to a global audience, allowing art enthusiasts from all corners of the world to participate.",Neutral,
10,"Whether you're a seasoned artist or a complete beginner, Sophie Pissarro's workshops promise to be an enriching experience, blending the timeless appeal of figure drawing with contemporary artistic perspectives.

For more information on how to enroll in Sophie Pissarro's workshops, interested individuals can visit her official website.",Neutral,
11,"**Jessie Ware Centers Herself With 'Real Housewives of Beverly Hills'**

In an unexpected crossover between the music world and reality television, British singer-songwriter Jessie Ware has found a new source of inspiration in the hit series ""Real Housewives of Beverly Hills."" Known for her soulful voice and introspective lyrics, Ware recently revealed that watching the show has become a form of relaxation and self-care amidst her busy schedule.

During a recent interview, Ware explained how the drama-filled lives of the Beverly Hills housewives offer a stark contrast to her own life, providing her with a unique form of escapism.",Neutral,
11,"""There's something incredibly entertaining and oddly grounding about watching these women navigate their extravagant lives,"" Ware shared.",Neutral,
11,"""It's a reminder of the different ways people find happiness and fulfillment.""

Ware, who has been working on new music, hinted that the show might even influence her upcoming projects.",Neutral,
11,"It's fascinating to see how they handle relationships and conflicts,"" she noted.",Positive,
11,"""I think there's something to be learned about storytelling and emotional expression from the way these women live their lives.""

Fans of Ware and the show alike are intrigued by this unexpected connection, eager to see if elements of the reality series will make their way into her music.",Neutral,
11,"As Ware continues to balance her career with personal interests, her appreciation for ""Real Housewives of Beverly Hills"" highlights the diverse influences that shape her artistry.

For now, Jessie Ware remains a dedicated viewer, finding both entertainment and inspiration in the glamorous world of Beverly Hills.",Neutral,
11,"Whether this new fascination will lead to a musical homage or simply serve as a personal retreat, one thing is certain: Jessie Ware is centering herself in the most unexpected of ways.",Neutral,
12,"**Alec Baldwin Returns to 'Rust' Set as Charges He Faced Are Dropped**

In a surprising turn of events, actor Alec Baldwin has returned to the set of the film ""Rust"" following the dismissal of charges that were previously filed against him.",,Neutral
12,"The actor had maintained his innocence, asserting that he had not pulled the trigger and that the gun had misfired.

After a thorough investigation, prosecutors have decided to drop the charges against Baldwin, citing insufficient evidence to prove criminal wrongdoing.",,Negative
12,"The decision has been met with mixed reactions from the public and those involved in the film industry.

Returning to the set of ""Rust,"" Baldwin expressed his relief and gratitude for the support he received throughout the legal ordeal.",,Neutral
14,"Known for her remarkable versatility and expressive performances, Setterfield's career spanned several decades and left an indelible mark on the dance community.

Born in England, Setterfield began her career in the 1950s and quickly became a prominent figure in the avant-garde dance scene.",Positive,
14,"She was a key collaborator with some of the most influential choreographers of the 20th century, including her husband, David Gordon, and the legendary Merce Cunningham.",Positive,
14,"Her work with these visionaries helped to redefine the boundaries of contemporary dance, blending elements of theater, improvisation, and traditional techniques.

Setterfield's performances were celebrated for their emotional depth and technical precision.",Neutral,
14,"She had a unique ability to convey complex narratives through movement, captivating audiences around the world.",Neutral,
14,"Her contributions to postmodern dance were recognized with numerous awards and accolades throughout her career.

Beyond her work on stage, Setterfield was a dedicated teacher and mentor, inspiring generations of dancers with her passion and creativity.",Neutral,
14,"Her influence extended far beyond her own performances, as she helped to shape the future of dance through her innovative approach and commitment to artistic exploration.

Valda Setterfield's legacy will continue to inspire and influence dancers and choreographers for years to come.",Positive,
14,"Her passing marks the end of an era, but her contributions to the art form will be remembered and celebrated by those who had the privilege of witnessing her extraordinary talent.",Positive,
16,"Shauna, played by Melanie Lynskey, struggles to maintain her facade as her personal life spirals out of control.",Neutral,
16,"Meanwhile, Taissa (Tawny Cypress) faces mounting pressure as her political career is jeopardized by emerging scandals.",Neutral,
17,"However, despite its picturesque settings and charming leads, the film falls into the trap of predictability, offering a narrative that feels all too familiar.

Set against the backdrop of stunning international locales, the film follows a protagonist who embarks on a journey to find herself, only to discover romance along the way.",Positive,
18,"Evans, known for his roles in action-packed blockbusters, showcases his comedic timing and charm, while de Armas brings depth and allure to her role as the mysterious agent.",Neutral,Neutral
19,"Her work, celebrated for its authenticity and depth, offered an intimate portrayal of the city’s multifaceted life, from its iconic landmarks to its everyday moments.

Burstein's photography career spanned several decades, during which she became known for her ability to encapsulate the spirit of New York.",Neutral,
19,"Her images, often characterized by their striking composition and emotional resonance, have been featured in numerous exhibitions and publications, earning her a revered place in the world of photography.

Born and raised in New York, Burstein developed a passion for photography at a young age.",Neutral,
19,"She honed her skills at [name of institution, if known], where she cultivated her unique style that would later define her career.",Neutral,
19,"Her work not only documented the physical landscape of the city but also captured the diverse stories of its inhabitants.

One of Burstein's most notable achievements was her long-term project documenting the construction and life of the new Yankee Stadium, which resulted in a critically acclaimed series that showcased her ability to capture the grandeur and grit of the city's evolution.

Throughout her career, Burstein was not only a chronicler of the city's transformation but also an advocate for preserving its history.",Neutral,
19,"Her dedication to capturing the ever-changing urban landscape has left an indelible mark on how New Yorkers and the world perceive the city.

Burstein is survived by her [family members, if known], who have expressed gratitude for the outpouring of love and support from those who admired her work.",Neutral,
19,"Plans for a public memorial service will be announced in the coming days, offering friends, family, and fans an opportunity to celebrate her life and legacy.

Jessica Burstein's photographs will continue to serve as a timeless tribute to New York City, ensuring that her vision and passion endure for generations to come.",Neutral,
20,"While details of the new evidence have not been publicly disclosed, it is believed to have significantly influenced the decision to cease legal proceedings against the actor.

Baldwin, who has consistently maintained his innocence, expressed relief at the announcement.",,Neutral
20,"In a statement, he conveyed his continued sorrow for the loss of Hutchins and reiterated his commitment to ensuring that safety protocols on film sets are rigorously upheld in the future.",,Neutral
22,"Set against the hauntingly beautiful backdrop of the Hungarian hills, the movie offers a fresh perspective on classic noir elements, weaving a tale of intrigue and suspense.

Directed by the visionary filmmaker László Nemes, ""Twilight"" follows the story of a weary detective drawn into a web of secrets and lies as he investigates a series of mysterious disappearances in a remote village.",,Neutral
22,"The performances are equally compelling, with lead actor János Kovács delivering a nuanced portrayal of a man haunted by his past and driven by an unyielding quest for truth.

""Twilight"" stands out not only for its aesthetic and narrative depth but also for its exploration of themes such as isolation, morality, and the human capacity for darkness.",,Neutral
23,"Directed by Joana Pimenta and Adirley Queirós, this film offers a raw and unflinching portrayal of female empowerment amidst the gritty backdrop of Brazil's underbelly.

Set in the impoverished outskirts of Brasília, ""Dry Ground Burning"" follows the lives of a group of women who form a gasoline-stealing gang.",Neutral,
23,"These women, led by the fierce and charismatic Chitara, challenge the patriarchal norms of their society by taking control of their destinies in a world dominated by men.",Positive,Positive
23,"The film deftly combines elements of documentary realism with a gripping narrative, offering a unique glimpse into the lives of women who refuse to be marginalized.

What sets ""Dry Ground Burning"" apart is its unapologetic portrayal of its characters.",Neutral,
23,"The film does not shy away from depicting the harsh realities faced by these women, nor does it romanticize their criminal endeavors.",Neutral,
23,This Brazilian masterpiece is not only a thrilling watch but also an important cultural artifact that underscores the resilience and strength of women fighting for their place in the world.,Neutral,
24,"**Loren Cameron, 63, Dies; His Camera Brought Transgender Men to Light**

Loren Cameron, a pioneering photographer whose work played a crucial role in bringing visibility to transgender men, passed away at the age of 63.",,Neutral
24,"Cameron, renowned for his intimate and powerful portraits, used his camera to challenge societal norms and provide representation for a community that had long been marginalized.

Born in 1960, Cameron began his career in photography in the late 1980s.",,Neutral
24,"As a transgender man himself, he understood the importance of authentic representation and sought to capture the diverse experiences of transgender men through his lens.",,Positive
24,"His groundbreaking book, ""Body Alchemy: Transsexual Portraits,"" published in 1996, was one of the first to offer an in-depth look at the lives and bodies of transgender men, and it quickly became a seminal work in transgender literature and art.

Cameron's photography was celebrated for its raw honesty and its ability to convey the humanity and dignity of his subjects.",,Neutral
24,"His work not only highlighted the physical transformations of transgender men but also delved into their personal journeys, struggles, and triumphs.",,Neutral
24,"By doing so, he helped to foster greater understanding and acceptance of transgender individuals in a time when such topics were often taboo.

Throughout his career, Cameron exhibited his work in galleries and museums around the world, earning acclaim for his contributions to both the art world and the LGBTQ+ community.",,Neutral
24,"He was a passionate advocate for transgender rights and used his platform to educate and inspire others.

Loren Cameron's legacy lives on through his evocative photographs, which continue to resonate with audiences and serve as a testament to the power of art in promoting social change.",,Neutral
24,"His work not only brought transgender men to light but also paved the way for future generations of transgender artists and activists.

Cameron's passing is a significant loss, but his impact will be felt for years to come as his photographs continue to inspire empathy, understanding, and acceptance across the globe.",,Neutral
27,"The tour will feature a rich repertoire, blending classical masterpieces with contemporary works, showcasing the versatility and depth of the orchestra's musical prowess.

Jaap van Zweden, the Philharmonic's music director, expressed his enthusiasm for the upcoming tour, stating, ""Music has the unique ability to transcend boundaries and bring people together.",,Neutral
28,"**Helen Barolini, Chronicler of Italian American Women, Dies at 97**

Helen Barolini, a pioneering author and influential voice in Italian American literature, passed away at the age of 97.",Neutral,
28,"Known for her profound contributions to the literary world, Barolini dedicated much of her life to chronicling the experiences and stories of Italian American women, shedding light on a community often overlooked in mainstream narratives.

Born in Syracuse, New York, in 1926, Barolini was a trailblazer in her field, weaving her personal experiences and cultural heritage into her work.",Neutral,
28,"Her most acclaimed book, ""The Dream Book: An Anthology of Writings by Italian American Women,"" published in 1985, is considered a seminal work that brought attention to the rich tapestry of Italian American female voices.",Neutral,
28,"The anthology was groundbreaking, offering a platform for writers who had been marginalized and sparking a renewed interest in ethnic and women's studies.

Throughout her career, Barolini authored several novels, essays, and critical studies, each reflecting her deep commitment to exploring identity, heritage, and the immigrant experience.",Neutral,
28,"Her novel ""Umbertina,"" published in 1979, is a multigenerational saga that traces the journey of an Italian immigrant woman and her descendants, capturing the complexities of assimilation and cultural preservation.

Barolini's work extended beyond writing; she was an active advocate for Italian American culture and women's rights, participating in numerous conferences and literary events.",Neutral,
28,"Her efforts earned her several accolades, including the American Book Award and recognition from the Italian government for her cultural contributions.

Helen Barolini leaves behind a legacy of literary excellence and cultural advocacy.",Neutral,
28,Her work not only enriched the canon of American literature but also empowered countless Italian American women to share their stories.,Neutral,
28,"As the literary world mourns her passing, her contributions continue to inspire new generations of writers and scholars.",Neutral,
29,"**New York's Poet of Light and Letters: Celebrating the Legacy of Ada Franklin**

New York City, NY — In a city renowned for its vibrant arts scene, Ada Franklin has emerged as a beacon of creativity, earning the title ""New York's Poet of Light and Letters."" Known for her evocative poetry and innovative use of light in art installations, Franklin has captivated audiences and critics alike, leaving an indelible mark on the cultural landscape of the city.

Franklin, a Brooklyn native, began her artistic journey as a poet, drawing inspiration from the bustling streets and diverse communities of New York.",Neutral,
29,"Her work often explores themes of identity, resilience, and the interplay between urban life and nature.",Neutral,
29,"Her poetry collections, including ""Echoes of the City"" and ""Whispers of the Hudson,"" have received critical acclaim for their lyrical beauty and profound insight.

In recent years, Franklin has expanded her artistic repertoire by incorporating light into her work.",Neutral,
29,"Her groundbreaking installations, which blend poetry and visual art, have been featured in prominent galleries and public spaces throughout the city.",Neutral,
29,"Her latest exhibition, ""Illuminated Verses,"" is currently on display at the Museum of Modern Art, where it has drawn record crowds and sparked conversations about the role of light in storytelling.

""Ada Franklin has a unique ability to transform everyday experiences into extraordinary art,"" said MoMA curator Lisa Chang.",Neutral,
29,"""Her work challenges us to see the world in new ways, using light as a metaphor for hope and understanding.""

Franklin's contributions to the arts have not gone unnoticed.",Neutral,
29,"She was recently awarded the prestigious New York Arts Fellowship, recognizing her innovative approach and commitment to fostering creativity in the community.",Neutral,
29,"As part of the fellowship, Franklin will lead workshops and mentorship programs for aspiring poets and artists across the city.

In an interview with The New York Times, Franklin expressed her gratitude for the recognition and shared her vision for the future.",Neutral,
29,"""I believe art has the power to connect us and illuminate the unseen,"" she said.",Neutral,
31,"**Jaune Quick-to-See Smith: Shaped by the Land**

In a remarkable celebration of art and heritage, the renowned Native American artist Jaune Quick-to-See Smith is being honored with a new exhibition titled ""Shaped by the Land."" The exhibition, which opened this week at the National Museum of the American Indian, explores the profound influence of the natural world on Smith's work and her enduring connection to her cultural roots.

Jaune Quick-to-See Smith, a member of the Confederated Salish and Kootenai Tribes, has long been recognized for her thought-provoking art that blends traditional Native American themes with contemporary issues.",Neutral,
31,"Her work often addresses themes of identity, environmentalism, and social justice, making her a powerful voice in the art world.

""Shaped by the Land"" brings together a diverse collection of Smith's paintings, drawings, and mixed-media pieces, showcasing her unique ability to weave together personal and cultural narratives.",Neutral,
31,"The exhibition highlights how the landscapes of her native Montana and the broader American West have informed her artistic vision, serving as both inspiration and subject matter.

Curator Emily Johnson notes, ""Jaune's work is a testament to the deep connection between people and the land.",Neutral,
31,"Her art challenges us to consider our relationship with the environment and the cultural histories that shape our understanding of place.""

Visitors to the exhibition can expect to see some of Smith's most iconic pieces, including her vibrant and symbolic portrayals of horses, which often serve as metaphors for freedom and resistance.",Positive,
31,"The exhibition also features new works that reflect her ongoing exploration of contemporary issues, such as climate change and cultural preservation.

""Shaped by the Land"" not only celebrates Jaune Quick-to-See Smith's artistic achievements but also invites audiences to engage with the complex narratives of history, identity, and the natural world.",Neutral,
31,"The exhibition will run through the end of the year, offering art enthusiasts and the general public alike an opportunity to experience the profound impact of Smith's work.

As Jaune Quick-to-See Smith continues to inspire new generations of artists and activists, ""Shaped by the Land"" stands as a testament to her enduring legacy and the power of art to shape our understanding of the world around us.",Neutral,
32,"[Lead Actress's Name] stars as Margaret, bringing to life the character's curiosity and vulnerability with a performance that has already garnered critical acclaim.

Judy Blume, who has long been an advocate for freedom of expression in literature, expressed her excitement about the adaptation.",Neutral,
33,"""The rise in book bans is not just about the removal of certain titles from shelves; it's about the narrowing of perspectives available to students,"" she said.",Positive,
35,"The finale, which has been eagerly anticipated by Trekkies around the globe, masterfully wrapped up the storylines of its iconic characters while paying homage to the rich legacy of the franchise.

The episode, filled with emotional reunions and unexpected twists, saw Jean-Luc Picard, portrayed by the legendary Patrick Stewart, facing his final mission with courage and wisdom.",,Positive
36,"**'Little Richard: I Am Everything' Review: The Nitty-Gritty Beyond 'Tutti Frutti'**

In a captivating exploration of one of rock 'n' roll's most electrifying pioneers, the documentary ""Little Richard: I Am Everything"" delves deep into the life and legacy of Little Richard, offering a comprehensive look beyond his iconic hit ""Tutti Frutti."" Directed by Lisa Cortés, the film premiered to enthusiastic audiences, eager to uncover the complexities of a man whose influence on music and culture is immeasurable.

The documentary paints a vivid portrait of Little Richard, born Richard Wayne Penniman, highlighting his groundbreaking contributions to the music industry and his role in shaping the sound and style of rock 'n' roll.",,Neutral
36,"Through a blend of archival footage, interviews with music legends, and Richard's own words, the film captures the flamboyant charisma and raw talent that made him a household name.

""Little Richard: I Am Everything"" does not shy away from the challenges he faced, including his struggles with identity, sexuality, and the racial barriers of his time.",,Neutral
36,"It reveals the tension between his religious beliefs and his status as a cultural icon, offering an intimate look at his journey to self-acceptance.

Critics have praised the documentary for its honest portrayal of Little Richard's life, celebrating his contributions while acknowledging the personal battles he fought.",,Neutral
36,"The film serves as a reminder of his enduring impact on music and his role in paving the way for future generations of artists.

As audiences reflect on Little Richard's legacy, ""I Am Everything"" reaffirms his place in history as a trailblazer who transcended the limitations of his era, leaving an indelible mark on the world of music.",,Neutral
37,"Tenor Roberto Alagna, as Don José, delivers a passionate performance that highlights the tragic nature of his character's obsession.

While some purists may lament the departure from the opera's original setting, Rivera's ""Carmen"" offers a refreshing perspective that resonates with today's audiences.",,Neutral
39,"Directed by the talented Laura Citarella, this Argentine film has been making waves on the festival circuit, earning praise for its unique blend of mystery, romance, and existential exploration.

Set in the small town of Trenque Lauquen, the film follows the enigmatic disappearance of Laura, a woman whose life is as mysterious as her sudden vanishing.",Neutral,
40,"Known for her candid exploration of adolescence and the challenges that accompany it, Blume's work has left an indelible mark on generations of readers.",Neutral,
40,"The new documentary, ""Judy Blume Forever,"" delves into the life and legacy of this pioneering author, offering an intimate portrait of the woman who dared to tackle topics that were once considered taboo.

The documentary, directed by Davina Pardo and Leah Wolchok, chronicles Blume's journey from a young girl with a passion for storytelling to a literary icon whose books have sold over 85 million copies worldwide.",Neutral,
40,"It highlights her fearless approach to subjects like puberty, sexuality, and identity, which she addressed with honesty and empathy long before they became common themes in young adult fiction.

""Judy Blume Forever"" features interviews with Blume herself, as well as insights from fellow authors, fans, and critics who attest to her profound influence on the genre.",Neutral,
40,"The film also explores the controversies Blume faced, including censorship battles and challenges from those who deemed her work too provocative for young audiences.

Despite the pushback, Blume's books have remained staples in libraries and classrooms, cherished for their ability to resonate with young readers navigating the complexities of growing up.",Neutral,
40,"It's Me, Margaret"" and ""Forever"" have become rites of passage for many, offering guidance and reassurance during formative years.

The documentary serves as both a tribute and a testament to Blume's enduring impact, celebrating her as a trailblazer who opened doors for future writers to explore uncharted territories in young adult literature.",Neutral,
40,"As the film makes its debut, it invites a new generation to discover and appreciate the groundbreaking work of Judy Blume, ensuring that her legacy will indeed last forever.",Neutral,
41,"Directed by the Broken Lizard comedy troupe, known for their cult classic ""Super Troopers,"" the film attempts to transport audiences to a bygone era where the absurdity of royal courts and the plight of the common man collide in a series of comedic misadventures.

Set in a fictional medieval kingdom, ""Quasi"" follows the life of a hapless hunchback who finds himself entangled in a convoluted plot involving a power-hungry king, a scheming pope, and a cast of eccentric characters.",,Neutral
42,"Directed by Ray Romano, this poignant film delves into the life of the Russo family, whose unassuming existence is thrown into disarray when their son, a shy high school basketball star, attracts the attention of college scouts.

Romano, best known for his comedic prowess, steps behind the camera to deliver a narrative that resonates with authenticity and warmth.",,Neutral
42,"The film's strength lies in its ability to portray the Russo family's dynamics with a blend of humor and sincerity, capturing the essence of working-class life in Queens.

At the center of the story is Leo Russo, played by Romano himself, who is determined to secure a brighter future for his son, Sticks.",,Neutral
42,"Her portrayal adds depth and complexity to the film, offering a nuanced depiction of maternal love and resilience.

""Somewhere in Queens"" is more than just a sports drama; it's a tribute to the unyielding spirit of those who dare to dream beyond their circumstances.",Positive,
43,"**In the Footsteps of Charles III: A Royal Journey Through History**

In a unique homage to his storied ancestry, King Charles III embarked on a historic journey this week, retracing the steps of his predecessors across the United Kingdom.",,Neutral
43,"The tour, aptly titled ""In the Footsteps of Charles III,"" aims to celebrate the rich heritage and enduring legacy of the British monarchy while highlighting the king's personal commitment to continuity and tradition.

The journey began at the iconic Windsor Castle, where King Charles paid tribute to his late mother, Queen Elizabeth II, and other monarchs who have left indelible marks on the nation's history.",Neutral,Neutral
43,"From there, the king traveled to Edinburgh, where he visited the Palace of Holyroodhouse, the official residence of the British monarch in Scotland.",,Neutral
43,"During his visit, King Charles engaged with local historians and community leaders, emphasizing the importance of preserving Scotland's cultural heritage.

Continuing his tour, King Charles made a poignant stop at Caernarfon Castle in Wales, the site of his investiture as Prince of Wales in 1969.",,Neutral
43,"Here, he reflected on the significance of his former role and reaffirmed his dedication to fostering unity and understanding among the diverse peoples of the United Kingdom.

Throughout the journey, King Charles has been accompanied by members of the royal family and esteemed historians, who have provided insights into the historical significance of each location.",,Neutral
43,"The tour has also included meetings with local communities, where the king has listened to their concerns and aspirations, reinforcing his commitment to serving as a unifying figure for the nation.

""In the Footsteps of Charles III"" has not only been a journey through history but also a testament to the evolving role of the monarchy in modern society.",,Neutral
43,"As King Charles III continues to navigate his reign, this tour serves as a reminder of the enduring bond between the crown and the people it serves.",,Neutral
44,"**What Georgia O'Keeffe Taught Yayoi Kusama: A Legacy of Inspiration**

In a fascinating intersection of art history, the influence of Georgia O'Keeffe on Yayoi Kusama has recently come to light, highlighting a profound connection between two of the most iconic female artists of the 20th century.",Neutral,
44,"While their artistic styles differ significantly, O'Keeffe's mentorship and encouragement played a pivotal role in Kusama's development as an artist.

The story begins in the late 1950s when a young Yayoi Kusama, determined to make her mark in the art world, moved from Japan to the United States.",Neutral,
44,"Struggling to find her footing in the competitive New York art scene, Kusama reached out to O'Keeffe, who was already an established figure known for her distinctive paintings of enlarged flowers and New Mexico landscapes.

O'Keeffe, known for her generosity and support of emerging artists, responded to Kusama's letter with warmth and encouragement.",Neutral,
44,She offered advice on navigating the art world and even suggested galleries that might be interested in Kusama's work.,Neutral,
44,"This correspondence marked the beginning of a mentorship that would leave a lasting impact on Kusama's career.

Kusama has often cited O'Keeffe as a source of inspiration, not only for her art but also for her determination and independence as a female artist in a male-dominated industry.",Neutral,Neutral
44,"O'Keeffe's success and resilience provided a blueprint for Kusama, who would go on to become a pioneering figure in her own right, known for her immersive installations and iconic polka-dot motifs.

This connection between O'Keeffe and Kusama underscores the importance of mentorship and support within the artistic community.",Positive,
44,"It serves as a reminder of how established artists can influence and inspire the next generation, fostering creativity and innovation across different cultures and artistic styles.

As Kusama continues to captivate audiences worldwide with her vibrant and thought-provoking work, the legacy of Georgia O'Keeffe's mentorship remains an integral part of her journey, illustrating the enduring power of artistic influence and collaboration.",Neutral,
45,"Yet, Naomi Watts and Elle Fanning, two of the industry's most respected actresses, have found their own ways to remain passionate and driven in their careers.

Naomi Watts, known for her versatile roles in films like ""The Impossible"" and ""Mulholland Drive,"" credits her enduring hunger for acting to a deep love for storytelling.",Neutral,
45,"In a recent interview, Watts revealed that she continually seeks out roles that challenge her and push her boundaries.",Neutral,
45,"""I’m always looking for something that scares me a little,"" she said.",Neutral,
45,"Watts, a mother of two, stressed the importance of family time and self-care in keeping her energy levels high.",Neutral,
45,"Fanning, on the other hand, spoke about her love for painting and reading as ways to recharge and find inspiration outside of acting.

Their shared dedication to their craft and personal growth serves as an inspiration to many aspiring actors.",Neutral,
46,"**What Salt-N-Pepa and Issa Rae See in One Another**

In a recent collaboration that has captured the attention of fans across generations, iconic hip-hop duo Salt-N-Pepa and acclaimed actress and producer Issa Rae have come together to celebrate their mutual admiration and shared vision for empowering women in the entertainment industry.

Salt-N-Pepa, consisting of Cheryl ""Salt"" James and Sandra ""Pepa"" Denton, revolutionized the music scene in the late 1980s and 1990s with their bold lyrics and unapologetic presence.",Neutral,
46,"Their influence extended beyond music, paving the way for future female artists to break barriers in a male-dominated industry.",Neutral,Neutral
46,"Meanwhile, Issa Rae has become a trailblazer in her own right, known for her groundbreaking work on the hit series ""Insecure"" and her commitment to showcasing diverse narratives.

In a candid interview, the trio discussed what they admire most about each other.",Neutral,
46,Salt-N-Pepa praised Rae for her authentic storytelling and her ability to create relatable characters that resonate with audiences.,Positive,
46,"""Her work is both refreshing and inspiring, and it reminds us of why we started making music in the first place—to tell our stories.""

Rae, in turn, expressed her admiration for Salt-N-Pepa's fearless approach to their craft.",Positive,
46,"""Their music has always been about empowerment and confidence, and that's something I strive to bring into my own projects.""

The collaboration between Salt-N-Pepa and Issa Rae is more than just a meeting of creative minds; it represents a celebration of female empowerment and a commitment to uplifting women's voices.",Positive,
46,"Fans eagerly anticipate what this dynamic trio will create next, as they continue to redefine what it means to be a woman in the world of entertainment.",Neutral,
47,"Thompson, known for her avant-garde approach to storytelling, has transformed familiar narratives into complex, thought-provoking dramas that resonate with contemporary audiences.

""The goal was to peel back the layers of these stories and reveal the raw, often unsettling truths beneath the surface,"" Thompson explained in a post-show interview.",Neutral,
48,"The exhibition, aptly titled ""Threads of Color,"" offers a unique juxtaposition of Carter's vibrant canvases and Nguyen's intricate textile creations, providing a fresh perspective on the interplay between two distinct yet complementary art forms.

Emily Carter, known for her bold use of color and abstract forms, has long been celebrated for her ability to evoke emotion and movement through her paintings.",Neutral,
48,"Her works, often inspired by the natural world, have been exhibited in major galleries worldwide and have earned her a place among the most influential contemporary painters of her generation.

Sofia Nguyen, on the other hand, has made her mark in the world of textile art with her innovative techniques and dedication to preserving traditional craftsmanship.",Neutral,
48,"Her textiles, characterized by intricate patterns and rich textures, reflect a deep connection to her cultural heritage and a commitment to sustainability.",Neutral,
49,"But First She'd Have to Find Her.**

In an unexpected blend of contemporary and classic musical worlds, pop icon Lana Del Rey recently expressed her desire to collaborate with folk legend Joan Baez.",Neutral,
49,"However, there was one small hurdle: she needed to find Baez first.

The idea for the collaboration reportedly sparked during an interview where Del Rey mentioned her admiration for Baez's timeless music and activism.",Neutral,
49,"""I've always been inspired by Joan's ability to weave powerful messages into her songs,"" Del Rey said.",Neutral,
49,"""It would be a dream to share a stage with her.""

Despite the enthusiasm, Del Rey faced a unique challenge.",Positive,
49,"Joan Baez, known for her reclusive nature and limited public appearances in recent years, proved elusive.",Neutral,
49,"Del Rey, undeterred, took to social media, playfully documenting her quest to track down the iconic folk singer.",Neutral,
49,"""It's like a musical treasure hunt,"" she joked in a recent Instagram post.

Fans quickly rallied behind the effort, with many offering tips and suggestions on where Baez might be found.",Neutral,
49,"""I'm hopeful,"" she said in a recent tweet.",Neutral,
50,"**Lessons From Gina Prince-Bythewood on the Set of 'The Woman King'**

In the world of filmmaking, few directors possess the ability to blend powerful storytelling with a commitment to authenticity quite like Gina Prince-Bythewood.",Neutral,
50,"Her latest project, ""The Woman King,"" not only showcases her prowess as a filmmaker but also offers valuable lessons on leadership, collaboration, and cultural representation.

On the set of ""The Woman King,"" Prince-Bythewood emphasized the importance of creating an inclusive environment where every voice is heard.",Neutral,
50,"She fostered a collaborative atmosphere, encouraging input from cast and crew alike.",Neutral,
50,"This approach not only enriched the film's narrative but also empowered those involved to contribute their best work.

A key lesson from Prince-Bythewood's direction was her dedication to authenticity.",Positive,
50,"The film, which tells the story of the Agojie, the all-female warrior unit of the Kingdom of Dahomey, required meticulous research and respect for the culture it portrayed.",Neutral,
50,"By casting a diverse array of talented actors and prioritizing stories that celebrate underrepresented communities, she reinforced the industry's growing recognition of the need for inclusivity both in front of and behind the camera.

""The Woman King"" serves as a testament to Gina Prince-Bythewood's ability to craft compelling stories that resonate with audiences while honoring the cultures they depict.",Neutral,
50,"Her work on the film offers a blueprint for filmmakers striving to create meaningful and impactful cinema, underscoring the power of storytelling to inspire and educate.",Neutral,
51,"**Two Artists on the Sacred Sisterhood of Trans Women**

In a vibrant celebration of identity and unity, two renowned artists, Alex Rivera and Jamie Lee, have collaborated on a groundbreaking art exhibition titled ""Sacred Sisterhood."" This collection, which opened this week at the Contemporary Art Museum, explores the deep bonds and shared experiences of trans women across the globe.

Rivera, a trans woman herself, uses her platform to highlight the beauty and resilience of the trans community.",Neutral,
51,"Her work often incorporates vivid colors and dynamic forms, representing the diverse narratives within the trans experience.",Neutral,
51,"""This project is about honoring the sacred connections we form as trans women, and the strength we draw from one another.""

Jamie Lee, a cisgender ally and acclaimed sculptor, complements Rivera's paintings with a series of intricate sculptures.",Neutral,
51,"Her pieces focus on the themes of transformation and rebirth, symbolizing the journeys of self-discovery and empowerment that many trans women undertake.",Positive,
51,"""This collaboration is a testament to the power of art in fostering understanding and solidarity.""

The ""Sacred Sisterhood"" exhibition has already garnered significant attention for its poignant portrayal of trans women's lives.",Neutral,
52,"**Emily Watson and Aisling Franciosi on What It Means to Be an Actor's Actor**

In a recent interview, acclaimed actresses Emily Watson and Aisling Franciosi shared their insights on what it truly means to be an ""actor's actor,"" a term often used to describe performers who are deeply respected by their peers for their craft, dedication, and ability to elevate any project they are involved in.

Emily Watson, known for her powerful performances in films like ""Breaking the Waves"" and ""Hilary and Jackie,"" emphasized the importance of authenticity and vulnerability.",Neutral,
52,"""It's about connecting with the character on a profound level and being fearless in your portrayal, no matter how challenging the role may be.""

Aisling Franciosi, who has garnered attention for her roles in ""The Nightingale"" and ""Game of Thrones,"" echoed Watson's sentiments.",Neutral,
54,"**How Two 'Yellowjackets' Actresses Created the Same Character Decades Apart**

In the world of television, it is rare for two actresses to share the same character in a way that spans decades, but that's precisely what happened with the hit series ""Yellowjackets."" The show, which has captivated audiences with its thrilling narrative and complex characters, features the intriguing story of a high school girls' soccer team whose plane crash leaves them stranded in the wilderness.",Neutral,
54,"Among the ensemble cast, two actresses stand out for their portrayal of the same character, Shauna, across different timelines.

Melanie Lynskey and Sophie Nélisse have taken on the challenging task of embodying Shauna at different stages of her life.",Neutral,
54,"Lynskey portrays the adult Shauna, grappling with the aftermath of the traumatic events and how they have shaped her present.",Neutral,
54,"Her nuanced performance brings depth to a character haunted by the past, yet striving to maintain a semblance of normalcy.

Meanwhile, Nélisse plays the teenage version of Shauna, capturing the innocence and burgeoning resilience of a young girl thrust into an unimaginable situation.",Neutral,
54,"Her portrayal provides insight into the formative experiences that define Shauna's character, creating a bridge to the adult version seen in Lynskey's performance.

The collaboration between Lynskey and Nélisse is a testament to their acting prowess and the show's commitment to character continuity.",Neutral,
55,"**Anna Deavere Smith: 'Mentorship's Not a Candy Store'**

In a recent talk, renowned playwright and actress Anna Deavere Smith shared her insights on the evolving role of mentorship in today's fast-paced world.",Neutral,
55,"It's about commitment, learning, and growth for both parties involved.""

Smith, known for her groundbreaking work in documentary theater, drew from her extensive experience in the arts and education to highlight how genuine mentorship can shape careers and lives.",Neutral,
55,"She recounted her own journey, crediting her mentors for providing guidance, support, and honest feedback that helped her navigate the complexities of the entertainment industry.

The actress also addressed the challenges of mentorship in the digital age, where social media and online platforms have transformed how relationships are built and maintained.",Positive,
55,"She urged young professionals to seek mentors who inspire them to think critically and to be open to diverse perspectives.

""Mentorship should push you out of your comfort zone,"" Smith advised.",Neutral,
56,"**Two Artists Who Are 'Coming Out of the Same River': A Unique Collaboration Making Waves**

In an exciting development for the art world, two innovative artists, Emily Rivera and Lucas Zhang, have announced a groundbreaking collaboration titled ""Coming Out of the Same River."" The project, which aims to explore themes of interconnectedness and transformation, is set to debut at the Contemporary Arts Center in New York City this December.

Rivera, known for her vibrant abstract paintings, and Zhang, a celebrated multimedia artist, have both gained international acclaim for their unique approaches to contemporary art.",Neutral,
57,"Graves, celebrated for her rich, emotive voice and commanding stage presence, believes that true artistry requires more than vocal prowess.

In a recent interview, Graves shared her insights into what it takes to truly captivate audiences.",Positive,
57,"""A great voice is a wonderful gift, but it's not enough to sustain a career or truly move people,"" she explained.",Positive,
57,"""You have to be able to convey the emotions of the character and make the audience feel something profound,"" she said.",Neutral,
57,"""It's about creating an experience that goes beyond just the music.""

Her approach to opera is evident in her performances, which are often lauded for their depth and sincerity.",Neutral,
57,"Critics have praised her ability to transform into her characters, bringing a unique blend of vulnerability and strength to roles such as Carmen and Dalila.

In addition to her on-stage accomplishments, Graves is dedicated to mentoring the next generation of opera singers.",Neutral,
57,She stresses the importance of versatility and adaptability in an ever-evolving industry.,Neutral,
57,"""Young singers need to be prepared for the challenges of a modern opera career,"" she advised.",Neutral,
57,"""That means honing their craft, but also understanding the business and being open to new opportunities.""

As Denyce Graves continues to inspire both audiences and aspiring singers, her message is clear: while a great voice is a remarkable asset, it is the passion, dedication, and artistry behind it that truly defines an opera singer's legacy.",Neutral,
58,"Their shared passion for storytelling through food and culture has led to an unexpected friendship, one that highlights the power of shared experiences and cultural heritage.

Jaffrey, renowned for her role in popularizing Indian cuisine in the West, and Zauner, known for her music under the moniker Japanese Breakfast and her poignant memoir ""Crying in H Mart,"" first crossed paths at a literary event celebrating Asian American voices.",Neutral,
58,"Both women have used their platforms to explore and express their cultural identities, a commonality that sparked an immediate bond.

In a recent interview, Jaffrey explained, ""Michelle's work resonates with me deeply.",Neutral,
58,"Her exploration of identity and loss through food is something I have also navigated throughout my career."" Zauner echoed this sentiment, stating, ""Madhur's ability to weave personal history with culinary tradition has been incredibly inspiring to me.",Neutral,
58,"Her work paved the way for so many of us.""

Their collaboration extends beyond mutual admiration.",Positive,
59,Her experience running one of London's most celebrated dining establishments provides the perfect backdrop for this theatrical venture.,Positive,
59,"Known for her emphasis on simplicity and quality, Rogers aims to translate the passion and intensity of the kitchen into a compelling narrative.

Nina Raine, celebrated for her insightful and emotionally resonant plays, brings her keen eye for human interaction and conflict to the project.",Neutral,
59,"Her previous works, including the critically acclaimed ""Tribes"" and ""Consent,"" have established her as a master of dialogue and character development.",Neutral,
60,"**When a Margaret Cho DVD Was Like Precious Contraband to Atsuko Okatsuka**

In a recent interview, comedian Atsuko Okatsuka opened up about her early days in comedy and the profound influence that Margaret Cho had on her career.",Neutral,
60,"Okatsuka, who is known for her unique comedic style and relatable storytelling, revealed that obtaining a Margaret Cho DVD was once akin to acquiring precious contraband in her household.

Growing up in a traditional Asian family, Okatsuka faced certain cultural restrictions, including limited exposure to Western media.",Neutral,
60,"However, her curiosity and passion for comedy led her to secretly seek out content that resonated with her experiences.",Negative,
60,"""Her comedy was raw, honest, and incredibly relatable.",Positive,
60,"It was like she was speaking directly to me, and I knew I had to find a way to watch her performances.""

Okatsuka recounted the lengths she went to in order to obtain a DVD of Cho's stand-up specials.",Neutral,
60,"With the help of friends and a few discreet purchases, she managed to acquire the coveted DVDs, which she would watch in secret, absorbing every punchline and nuance.

""Those DVDs were my secret treasure,"" she said.",Neutral,
60,"Today, Okatsuka is celebrated for her own contributions to the comedy world, often drawing from her experiences as an Asian-American woman.",Positive,
60,"Her story highlights the importance of representation and the power of seeing oneself reflected in the media.

As Okatsuka continues to carve out her own path in the entertainment industry, she remains grateful for the trailblazers who came before her.",Positive,
60,"""Margaret Cho showed me that it was possible to break boundaries and challenge stereotypes,"" she said.",Neutral,
60,"""I hope to do the same for the next generation of comedians.""

The tale of Atsuko Okatsuka and her prized Margaret Cho DVDs serves as a reminder of the transformative power of comedy and the enduring influence of those who dare to pave the way for others.",Neutral,
61,"**'Black Panther' and the New Blueprint for Female Warriors Onscreen**

In recent years, the portrayal of female warriors in film has undergone a significant transformation, with Marvel's ""Black Panther"" serving as a groundbreaking example of this evolution.",Neutral,
61,"Released in 2018, ""Black Panther"" not only shattered box office records but also redefined the cinematic landscape for female characters, offering a new blueprint for the depiction of women in action roles.

Central to this shift is the Dora Milaje, the all-female special forces unit that protects Wakanda, the fictional African nation in the Marvel Universe.",Neutral,
61,It has inspired a wave of films and television shows that emphasize diverse and complex female characters in action-packed roles.,Neutral,
61,"Productions like ""Wonder Woman,"" ""Captain Marvel,"" and the recent ""The Woman King"" have followed suit, showcasing women not only as fighters but as leaders and strategists.

Moreover, the success of ""Black Panther"" has prompted a broader discussion about representation in Hollywood.",Neutral,
61,"The film's predominantly Black cast and its focus on African culture and heritage have paved the way for more inclusive storytelling, encouraging studios to invest in diverse voices and narratives.

As audiences continue to demand more authentic and varied portrayals of women onscreen, ""Black Panther"" remains a pivotal reference point.",Neutral,
61,"Its legacy is evident in the increasing number of films that prioritize strong female leads, proving that stories centered on empowered women resonate with viewers worldwide.

In conclusion, ""Black Panther"" has set a new standard for the portrayal of female warriors in cinema.",Neutral,
61,"By combining compelling storytelling with dynamic characters, it has not only entertained but also inspired a generation, shaping the future of female representation in film.",Neutral,
62,"Despite their different artistic domains, both women have consistently pushed boundaries, challenging themselves and their audiences in profound ways.

Marina Abramović, often hailed as the ""grandmother of performance art,"" has built a career on the edge of endurance and vulnerability.",Neutral,
62,"Known for her groundbreaking and often controversial performances, Abramović has never shied away from exploring the limits of physical and mental endurance.",Neutral,
62,"Her works, such as ""The Artist is Present,"" where she sat silently for hours engaging in eye contact with strangers, have redefined the relationship between artist and audience, inviting viewers to confront discomfort and emotion head-on.

Similarly, opera singer Sondra Radvanovsky has made a name for herself by taking on some of the most challenging roles in the operatic repertoire.",Neutral,
62,"Known for her powerful voice and dramatic intensity, Radvanovsky has tackled roles like Norma in Bellini's ""Norma"" and the title role in Puccini's ""Tosca,"" performances that demand not only vocal prowess but also emotional depth and resilience.",Neutral,
62,"Her willingness to delve into these complex characters and bring them to life on stage exemplifies her commitment to artistic risk-taking.

Both Abramović and Radvanovsky share a deep understanding that risk is an essential component of artistic growth and innovation.",Neutral,
62,"By stepping outside their comfort zones, they have not only expanded their own creative horizons but also enriched the cultural landscape, inspiring audiences worldwide to embrace the unfamiliar and the challenging.

In a recent interview, Abramović reflected on her philosophy, stating, ""Risk is the essence of art.",Neutral,
62,"Without it, there is no progress."" Radvanovsky echoed this sentiment, emphasizing the importance of vulnerability in her performances.",Neutral,
62,"""Every time I step on stage, I open myself up to the unknown,"" she said.",Neutral,
64,"**The Fearlessness That Marlee Matlin Saw in Teyana Taylor**

In a recent interview, acclaimed actress and activist Marlee Matlin shared her admiration for the fearless spirit she sees in multi-talented artist Teyana Taylor.",Neutral,
64,"Matlin, who has long been a trailblazer in the entertainment industry as the first deaf actress to win an Academy Award, spoke about the importance of breaking barriers and embracing individuality—qualities she believes Taylor embodies.

Teyana Taylor, known for her dynamic career as a singer, actress, and director, has consistently pushed the boundaries of creativity and expression.",Neutral,
64,"Her work, which spans music, film, and fashion, is often celebrated for its boldness and authenticity.",Positive,
64,"Matlin noted that Taylor's willingness to challenge norms and her dedication to her craft serve as an inspiration to artists everywhere.

""There's a fearlessness in Teyana that is truly inspiring,"" Matlin remarked.",Positive,
64,"""She isn't afraid to be herself, to explore new avenues, and to speak her truth.",Neutral,
64,"That kind of courage is what drives change and innovation in our industry.""

Taylor, who recently announced her decision to step back from music to focus on other creative endeavors, has continued to make waves with her directorial projects and entrepreneurial ventures.",Neutral,
64,"Her ability to seamlessly transition between different roles in the entertainment world highlights her versatility and determination.

Matlin's recognition of Taylor's fearlessness underscores the mutual respect and admiration shared among artists who strive to make a difference.",Neutral,
64,"Both women have used their platforms to advocate for greater inclusivity and representation, paving the way for future generations.

As the entertainment landscape continues to evolve, figures like Marlee Matlin and Teyana Taylor remind us of the power of authenticity and the impact of fearless creativity.",Neutral,
65,"The event, held at the West End Theatre Forum, attracted a diverse crowd eager to hear from two of the most influential voices in theatre today.

Sharon D Clarke, a veteran of the stage known for her powerful performances in productions like ""Caroline, or Change"" and ""Death of a Salesman,"" emphasized the importance of resilience in an industry often fraught with challenges.",Neutral,
65,"""It's about using every experience, good or bad, to fuel your passion and drive.""

Alexia Khadime, celebrated for her roles in ""The Lion King"" and ""Wicked,"" highlighted the significance of representation, particularly for young performers of color.",Neutral,
66,"""It's about giving back and ensuring that the passion for art continues to flourish.""

Thompson, known for her vibrant, emotive paintings, echoed this sentiment.",Neutral,
68,"He joined the company in 1983 when it was on the brink of bankruptcy and spearheaded its remarkable turnaround.

Haimes was instrumental in securing and renovating three Broadway theaters: the American Airlines Theatre, Studio 54, and the Stephen Sondheim Theatre.",,Positive
68,"These venues became home to a series of critically acclaimed productions, ranging from revivals of classic works by playwrights such as Arthur Miller and Tennessee Williams to new plays by contemporary writers.

His tenure was marked by numerous accolades, including several Tony Awards, which underscored his commitment to artistic excellence and innovation.",,Neutral
68,"Colleagues and theater enthusiasts alike remember Haimes for his passion, dedication, and unwavering belief in the transformative power of theater.

In addition to his professional achievements, Haimes was known for his mentorship and support of emerging talent, helping to launch the careers of many actors, directors, and playwrights.",,Neutral
68,"His influence extended beyond the stage, as he worked tirelessly to make theater accessible to diverse audiences through educational programs and outreach initiatives.

The theater community mourns the loss of a leader whose impact will be felt for generations to come.",,Positive
68,"Todd Haimes is survived by his family, including his wife and children, who were by his side during his final days.",,Neutral
69,"**Frank Ocean Pulls Out of Coachella Citing Leg Injury**

In a surprising turn of events, acclaimed musician Frank Ocean has withdrawn from his scheduled headlining performance at the Coachella Valley Music and Arts Festival, citing a leg injury as the reason for his decision.",,Positive
69,"The announcement came just days before the second weekend of the festival, leaving fans and organizers scrambling to adjust to the unexpected change.

Frank Ocean, known for his critically acclaimed albums ""Channel Orange"" and ""Blonde,"" was set to make a highly anticipated return to the stage after a long hiatus from live performances.",,Neutral
69,"His appearance at Coachella was one of the most eagerly awaited events of the festival, drawing fans from around the world.

According to a statement released by Ocean's representatives, the artist sustained the injury during the first weekend of Coachella.",,Positive
69,"Despite his best efforts to push through the pain and deliver a memorable performance, medical professionals advised against further strain, leading to his difficult decision to step down.

""Frank Ocean is devastated to have to pull out of Coachella,"" the statement read.",,Neutral
69,"""He was looking forward to connecting with his fans and delivering a unique experience.",,Positive
69,"However, following medical advice, he has no choice but to prioritize his health at this time.""

The festival organizers have expressed their understanding and support for Ocean's decision, wishing him a speedy recovery.",,Neutral
69,"In light of his withdrawal, they are working diligently to secure a replacement act to fill the coveted headlining slot.

Fans have taken to social media to express their disappointment, but many have also shown understanding and support for Ocean's health and well-being.",,Neutral
69,"Meanwhile, Ocean's absence will undoubtedly be felt at Coachella, as his unique artistry and emotive performances have left an indelible mark on the music scene.",,Neutral
70,"**Moonbin, Member of K-Pop Band ASTRO, Dies at 25**

Seoul, South Korea – The global K-pop community is in mourning following the sudden death of Moonbin, a beloved member of the popular South Korean boy band ASTRO.",,Neutral
70,"The 25-year-old artist was found dead in his residence on [insert date], leaving fans and fellow artists in shock and grief.

Moonbin, whose full name was Moon Bin, was a multi-talented performer known for his exceptional dancing skills, charismatic stage presence, and warm personality.",,Neutral
70,"He debuted with ASTRO in 2016 under Fantagio Entertainment, quickly rising to fame with the group’s catchy music and dynamic performances.",,Neutral
70,"The agency requested privacy for Moonbin’s family during this difficult time and announced that funeral arrangements would be made in accordance with the wishes of his family.

Fans around the world have taken to social media to express their heartbreak and pay tribute to Moonbin’s legacy.",,Neutral
70,"Hashtags such as #RIPMoonbin and #ThankYouMoonbin have been trending, with fans sharing memories, photos, and messages of gratitude for the joy and inspiration he brought into their lives.

Moonbin’s untimely death is a poignant reminder of the pressures faced by young artists in the entertainment industry.",,Neutral
70,"His passing has sparked conversations about mental health and the importance of support systems for performers.

As the world remembers Moonbin, his contributions to music and his vibrant spirit will continue to resonate with fans and fellow artists alike.",,Neutral
70,"He leaves behind a legacy of talent, kindness, and the enduring impact of his music.",,Negative
71,"**Otis Redding III, Who Followed His Father Into Music, Dies at 59**

Otis Redding III, the son of legendary soul singer Otis Redding, has passed away at the age of 59.",,Positive
71,"The musician, who carved out his own path in the music industry while honoring his father's enduring legacy, died on [insert date] after a battle with cancer, according to family sources.

Born in 1963, Otis Redding III was just three years old when his father tragically died in a plane crash in 1967.",,Positive
71,"Despite the shadow of his father's monumental career, Redding III found his own voice in the world of music.",,Positive
71,"He was best known as a member of the funk band The Reddings, which he formed with his brother Dexter Redding and cousin Mark Lockett in the late 1970s.",,Positive
71,"The group enjoyed success throughout the 1980s with hits like ""Remote Control"" and ""Call the Law.""

Redding III's musical journey was marked by his soulful guitar playing and his ability to connect with audiences through heartfelt performances.",,Neutral
71,"He often paid tribute to his father's legacy by performing some of Otis Redding's classic songs, including the timeless ""(Sittin' On) The Dock of the Bay.""

Beyond his musical career, Redding III was dedicated to preserving his father's legacy and contributing to charitable causes.",,Neutral
71,"He was actively involved in the Otis Redding Foundation, which focuses on music education and empowerment for young people.

Fans and fellow musicians have taken to social media to express their condolences and share memories of Redding III's talent and warmth.",,Neutral
71,"His passing marks a significant loss for the music community and for all who were touched by his artistry and generosity.

Redding III is survived by his family, including his wife and children.",,Positive
74,"To honor his centennial, we've compiled a list of 10 essential tracks that capture the essence of Tito Puente's musical genius.

1.",,Neutral
74,"**""Oye Como Va""** - Perhaps his most famous composition, this track became a worldwide hit when covered by Santana, but Puente's original version remains a classic.

2.",,Positive
74,"**""El Rey del Timbal""** - A tribute to his own mastery of the timbales, this song is a testament to Puente's rhythmic innovation.

5.",,Positive
74,"**""Mambo Gozón""** - This lively mambo track captures the infectious energy and joy that Puente brought to his performances.

6.",,Positive
74,"**""Dance Mania""** - The title track from one of his most acclaimed albums, it captures the vibrant spirit of the mambo era.

10.",,Positive
74,"**""Babarabatiri""** - An upbeat, percussion-driven track that exemplifies Puente's dynamic style and infectious rhythms.

Tito Puente's centennial is a reminder of the lasting impact he has had on the music world.",,Neutral
74,His ability to blend different musical styles and his dedication to his craft have left a legacy that continues to inspire musicians and dancers around the globe.,,Neutral
74,"As we celebrate his life and work, these 10 essential tracks offer a glimpse into the genius of the Mambo King.",,Neutral
75,"As tensions rise on the global stage, Kate must navigate the complexities of diplomacy while managing her increasingly strained marriage to fellow diplomat Hal Wyler, portrayed by Rufus Sewell.

Critics have lauded the series for its sharp writing and compelling performances, particularly highlighting the chemistry between Russell and Sewell.",Neutral,
75,"The series creator, Debora Cahn, known for her work on ""The West Wing"" and ""Homeland,"" brings her expertise to craft a narrative that is both engaging and thought-provoking.

As viewers binge through the eight-episode season, ""The Diplomat"" has sparked discussions about the personal sacrifices made by those in public service and the delicate balance between personal and professional responsibilities.",Neutral,
76,"Davis"" follows the journey of a nun, Sister Simone, who finds herself at odds with an all-powerful algorithm known simply as ""Mrs.",Neutral,
76,"As Sister Simone embarks on a quest to dismantle the algorithm, viewers are treated to a thought-provoking narrative that challenges the notion of technology as an infallible force.

Critics have praised the series for its clever writing and compelling performances.",Neutral,
76,"Betty Gilpin shines in the role of Sister Simone, bringing depth and nuance to a character caught between the spiritual and the digital.",Neutral,
78,"Known for her ability to blend classical elements with electronic music, Jamison's latest work took listeners on a journey through ethereal soundscapes, combining traditional orchestral instruments with synthesized sounds.",Neutral,
78,"The result was a mesmerizing performance that left the audience in awe of her creative prowess.

Another standout piece was ""Resonant Currents"" by composer and conductor Miguel Torres.",Neutral,
78,"His work, inspired by the natural world, utilized unconventional instruments and techniques to mimic the sounds of water and wind.",,Neutral
78,"Lang's ability to bring out the best in each piece and his passion for contemporary music were evident throughout the evening.

The concert was a testament to the vitality and relevance of modern classical music, proving that the genre is alive and well in the hands of these forward-thinking composers.",,Neutral
79,"Titled ""A Sort of Homecoming,"" the episode masterfully tied up several storylines while setting the stage for future adventures in the Star Wars universe.

The finale saw Din Djarin, the titular Mandalorian, returning to his roots as he faced off against familiar foes and allies alike.",,Neutral
79,"With Grogu, affectionately known as Baby Yoda, by his side, Din navigated the complex web of loyalty and betrayal that has characterized much of the series.",,Neutral
79,"As he grappled with his past and contemplated his future, viewers were treated to a deeper understanding of what it means to be a Mandalorian.

The episode also featured several surprise appearances that delighted long-time Star Wars fans, further enriching the expansive lore of the galaxy far, far away.",,Neutral
80,"She Plans to Stay That Way.**

Kali Uchis, the Colombian-American singer-songwriter known for her genre-defying music and distinctive style, continues to captivate audiences with her complex musical identity.",Neutral,
80,"Since her debut, Uchis has seamlessly blended elements of R&B, reggaeton, soul, and pop, creating a sound that is uniquely her own.",Positive,
80,"Her multifaceted approach to music has not only garnered her a dedicated fan base but also critical acclaim.

In recent interviews, Uchis has expressed her commitment to maintaining this complexity in her music.",Neutral,
80,"""I don't want to be put in a box,"" she stated.",Neutral,
80,"I want my fans to grow with me.""

Her latest album, which features collaborations with a diverse range of artists, further showcases her versatility.",Neutral,
80,"Tracks transition effortlessly from sultry ballads to upbeat dance anthems, all while maintaining her signature ethereal vocals.",Neutral,
80,"Critics have praised the album for its innovation and depth, noting that Uchis's willingness to experiment sets her apart in the music industry.

Uchis's artistic journey is also deeply personal.",Neutral,
80,"Born Karly-Marina Loaiza, she immigrated to the United States from Colombia at a young age.",Neutral,
80,"Her bicultural background heavily influences her music, as she often explores themes of identity, love, and resilience.",Neutral,
80,"""My heritage is a big part of who I am, and it naturally comes through in my music,"" she explained.

As she continues to push boundaries, Uchis remains unapologetically herself.",Neutral,
80,Her commitment to complexity not only defines her as an artist but also resonates with fans who appreciate her authenticity.,Neutral,
80,"With her unwavering dedication to her craft, Kali Uchis is poised to remain a compelling force in the music world for years to come.",Neutral,
81,"Tindall died on [insert date] in [insert location], leaving behind a legacy marked by both her musical talent and her fearless storytelling.

Tindall's 2005 memoir, ""Mozart in the Jungle: Sex, Drugs, and Classical Music,"" lifted the veil on the often-hidden backstage life of professional musicians.",Neutral,
81,"The book detailed her experiences as an oboist in New York City, revealing the gritty realities and personal sacrifices behind the glamour of the classical music scene.",Neutral,
81,"Her candid accounts of the industry's underbelly sparked controversy and debate, challenging the pristine image traditionally associated with classical musicians.

The memoir's impact extended beyond the literary world, inspiring the critically acclaimed Amazon Prime series ""Mozart in the Jungle,"" which ran for four seasons and won two Golden Globe Awards.",Neutral,
81,"The show's success brought Tindall's story to a wider audience, further cementing her influence on how classical music is perceived in contemporary culture.

Born on February 2, 1960, in Chapel Hill, North Carolina, Tindall demonstrated a passion for music from an early age.",Neutral,
81,"She pursued her studies at the prestigious Juilliard School and the Manhattan School of Music, eventually establishing herself as a respected oboist.",Neutral,
81,"Throughout her career, she performed with numerous renowned ensembles, including the New York Philharmonic and the San Francisco Symphony.

In addition to her musical achievements, Tindall was a dedicated educator and advocate for the arts.",Neutral,
81,"She taught at various institutions and frequently spoke about the importance of music education, inspiring countless young musicians to pursue their dreams.

Tindall's passing has been met with an outpouring of tributes from colleagues, students, and fans who admired her talent, courage, and commitment to authenticity.",Neutral,
81,"Her memoir remains a testament to her willingness to confront difficult truths and her enduring impact on the world of classical music.

Blair Tindall is survived by [insert surviving family members].",Neutral,
81,"Her contributions to music and literature will be remembered as both groundbreaking and transformative, leaving an indelible mark on the cultural landscape.",Neutral,
83,"The warriors, which date back to the late third century BCE, are part of a collection of over 8,000 figures that were buried with China's first emperor, Qin Shi Huang, to protect him in the afterlife.

According to museum officials, the shoe salesman, identified as Michael Rohana, attended the event with friends.",,Neutral
83,"He proceeded to take selfies with the statues before allegedly breaking off the thumb of one of the warriors and slipping it into his pocket.

The theft went unnoticed until a few weeks later when museum staff discovered the missing thumb during routine maintenance.",,Neutral
83,"After reviewing security footage, authorities were able to identify Rohana, who was later arrested at his home in Bear, Delaware.",,Neutral
83,"His legal representatives have not commented on the case.

The terra-cotta warrior has since been repaired, but the incident serves as a stark reminder of the vulnerabilities that exist even in the most secure environments.",,Neutral
84,"Helen Petrova, a renowned archaeologist specializing in Greek artifacts, expressed her concerns: ""While the kylix is undoubtedly a stunning piece, the circumstances of its emergence are highly unusual.",Neutral,
85,"**A Dancer's Life: Chita Rivera on Working Hard and Learning From the Best**

In a recent interview, legendary Broadway star Chita Rivera opened up about her illustrious career, sharing insights into the dedication and passion that have fueled her success.",Positive,
85,"The conversation, titled ""A Dancer's Life: Chita Rivera on Working Hard and Learning From the Best,"" offered a rare glimpse into the life of one of theater's most iconic performers.

Rivera, known for her roles in classic productions such as ""West Side Story"" and ""Chicago,"" emphasized the importance of hard work and perseverance in the demanding world of dance and theater.",Neutral,
85,"""It's about showing up every day, putting in the hours, and constantly striving to improve.""

Throughout her career, Rivera has had the opportunity to work with some of the greatest names in the industry, including choreographer Jerome Robbins and composer Leonard Bernstein.",Positive,
85,She credits these experiences with shaping her approach to performance and instilling in her a deep respect for the craft.,Neutral,
85,"""I've been incredibly fortunate to learn from the best,"" she said.",Positive,
85,"""It's crucial to pass on what we've learned,"" she remarked.",Neutral,
85,"""Theater is a living, breathing art form, and it's our responsibility to keep it vibrant and relevant.""

As Rivera continues to inspire audiences and fellow performers alike, her reflections serve as a testament to the power of dedication and the enduring impact of mentorship in the arts.",Neutral,
86,"**The Artist Mark Bradford Is Finally Ready to Go There**

Renowned contemporary artist Mark Bradford, known for his thought-provoking abstract paintings and installations, is once again capturing the art world's attention with his latest project.",,Positive
86,"After years of exploring themes of race, identity, and social justice, Bradford is now poised to delve deeper into the personal and political narratives that have shaped his career.

In an exclusive interview, Bradford revealed that his upcoming exhibition, set to open at a major gallery next month, will push the boundaries of his previous work.",,Neutral
86,"While details of the exhibition remain under wraps, insiders suggest that the pieces will address current socio-political issues with an unprecedented level of intimacy and urgency.

Bradford's decision to ""go there"" is likely to resonate with audiences familiar with his journey from a struggling artist in Los Angeles to an internationally acclaimed figure in contemporary art.",,Neutral
86,"His work often draws on his experiences growing up in South Central LA, and this latest endeavor is expected to reflect a more introspective examination of his past.

As anticipation builds, the art community eagerly awaits what Bradford will unveil.",,Neutral
86,"With a reputation for challenging viewers and sparking important conversations, his new exhibition is poised to make a significant impact.",,Positive
86,Mark Bradford is not just ready to go there—he's ready to take us all with him.,,Neutral
87,"Hosted by acclaimed actress and mother of three, Emily Lawson, the podcast aims to shed light on the unique challenges and triumphs faced by parents navigating the entertainment industry.

Each episode features Lawson taking a stroll through some of Los Angeles' most iconic neighborhoods with a fellow celebrity parent.",Positive,
87,"From discussing the pressures of public scrutiny to sharing tips on maintaining a semblance of normalcy, the podcast promises to be both relatable and enlightening.

In a recent interview, Lawson shared her inspiration for the podcast.",Neutral,
87,"I wanted to create a platform where we could have honest discussions and maybe even help others who are in similar situations,"" she explained.

The podcast has already garnered attention for its authenticity and warmth, with early episodes featuring well-known guests such as actor and father of two, Jake Thompson, and director and mother, Sofia Ramirez.",Neutral,Neutral
87,"Listeners have praised the show for its down-to-earth approach and the genuine camaraderie between Lawson and her guests.

""Walking and Talking About Raising Kids and Surviving Hollywood"" is available on all major streaming platforms, offering a fresh perspective on the intersection of family life and fame.",Neutral,
87,"As more celebrity parents join Lawson on her walks, the podcast is set to become a must-listen for anyone curious about the real lives behind the red carpet.",Neutral,
88,"Ted, played by Jason Sudeikis, finds himself in a reflective mood, contemplating his leadership style and the impact he's had on his players.",,Neutral
88,"Their adventure in Amsterdam brings them closer, reinforcing the show's commitment to strong female relationships.

""Dutch Treat"" is a standout episode that encapsulates the spirit of ""Ted Lasso."" It combines humor, cultural exploration, and heartfelt moments, reminding viewers why the show has resonated with audiences worldwide.",Neutral,
89,"With her latest album climbing the charts, Møller is proving that Danish lyrics can resonate globally, offering a fresh perspective on pop music.

Astrid Møller, known for her eclectic style and poignant lyrics, has become a beacon for Danish artists aspiring to make an impact beyond their borders.",Neutral,
89,"Her album, ""Nordlys,"" blends traditional Scandinavian sounds with modern pop elements, creating a unique auditory experience that has captivated listeners worldwide.

Critics have praised Møller for her ability to convey universal emotions through the Danish language, breaking down barriers and connecting with audiences on a profound level.",Neutral,
89,"As Danish pop continues to gain momentum, Møller remains at the forefront, inspiring a new generation of musicians to proudly showcase their cultural heritage.

With her relentless passion and innovative spirit, Astrid Møller is not just making the case for Danish-language pop; she's redefining what it means to be a global artist.",Positive,
89,"As she embarks on her upcoming European tour, fans eagerly anticipate what this restless star will bring to the stage next.",Neutral,
90,"The music, a fusion of various genres, reflects the diverse experiences and emotions that have defined this era.

Parks, known for her Pulitzer Prize-winning work, has crafted a series of vignettes that explore themes of isolation, resilience, and hope.",Neutral,
90,"The production's ability to capture the zeitgeist of the pandemic era has been lauded as both timely and timeless, offering a reflection on the shared human experience that transcends cultural and geographical boundaries.

The music, composed by Parks herself, has been highlighted as a standout element of the production.",Neutral,
91,"**Gloria Dea, Magician Rediscovered Late in Life, Dies at 100**

Las Vegas, NV — Gloria Dea, a pioneering magician whose career was revitalized in her later years, passed away peacefully at the age of 100.",Neutral,
91,"Dea, who was celebrated for her trailblazing contributions to the world of magic, died on [insert date] at her home in Las Vegas.

Born in 1923, Dea began her journey into the magical arts at a young age, performing in local venues and captivating audiences with her enchanting tricks and charismatic stage presence.",Positive,
91,"She quickly rose to prominence in the 1940s, becoming one of the first female magicians to perform on the Las Vegas Strip, a significant achievement during an era when the field was predominantly male-dominated.

Despite her early success, Dea's career took a backseat as she pursued other ventures and interests.",Neutral,Neutral
91,"However, in recent years, her contributions to magic were rediscovered, sparking a renewed interest in her life and work.",Neutral,
91,"This resurgence was marked by a series of interviews, documentaries, and appearances that highlighted her influence and legacy within the magic community.

Dea's rediscovery was largely attributed to the efforts of magic historians and enthusiasts who sought to honor her groundbreaking role in the industry.",Positive,
91,"Her story inspired a new generation of magicians, particularly women, who saw her as a trailblazer who broke barriers and paved the way for future performers.

Throughout her life, Gloria Dea remained passionate about magic, often sharing her knowledge and experiences with aspiring magicians.",Neutral,
91,"Her legacy is not only one of artistic talent but also of resilience and the enduring impact of her pioneering spirit.

She is survived by her family, friends, and a community of magicians who continue to celebrate her life and contributions.",Neutral,
91,"A memorial service will be held in Las Vegas, where her remarkable journey first began, allowing admirers and loved ones to pay their respects and honor the life of a truly magical woman.",Positive,
94,"The play, which opened to a packed house last night, delves into the complexities of Emilie's contributions to science and her struggles against the societal norms of her time.

Written by acclaimed playwright Lauren Gunderson, ""Emilie"" is a vivid portrayal of a woman who defied the constraints of her era, challenging the gender biases that often overshadowed her groundbreaking work.",Neutral,
94,"The narrative unfolds through a series of poignant scenes that highlight Emilie's intellectual pursuits and her passionate relationship with the philosopher Voltaire.

Critics have lauded the production for its dynamic storytelling and powerful performances, particularly praising the lead actress for her compelling portrayal of Emilie.",Neutral,
94,"The play not only defends Emilie's legacy but also redefines her role in the history of science, bringing to light her significant contributions to the understanding of energy and motion, which were crucial to the development of modern physics.

Director Thomas Hargrove's innovative staging and the minimalist set design allow the audience to focus on the intricate dialogue and emotional depth of the characters.",Neutral,
94,"By defending and defining Emilie du Châtelet's legacy, the play invites audiences to reflect on the enduring impact of her work and the ongoing struggle for recognition faced by women in science.",Neutral,
97,"**Ex-Member of Menudo Says He Was Raped by Father of the Menendez Brothers**

In a shocking revelation that adds a new layer to a decades-old case, a former member of the iconic Latin boy band Menudo has come forward with allegations of sexual assault against José Menendez, the father of the infamous Menendez brothers.",,Neutral
97,"The claims have surfaced amidst renewed interest in the Menendez case, which captivated the nation in the 1990s.

The ex-band member, whose identity is being protected for privacy reasons, alleges that José Menendez sexually assaulted him during the height of Menudo's fame in the 1980s.",,Positive
97,"Menendez, a prominent music executive at the time, was known for his connections in the entertainment industry, which reportedly included ties to the popular boy band.

These allegations come as a significant development, as they potentially shed light on the environment and circumstances surrounding the Menendez family.",,Positive
97,"José Menendez and his wife, Kitty, were brutally murdered by their sons, Lyle and Erik Menendez, in 1989.",,Negative
97,"The brothers claimed they acted in self-defense after enduring years of sexual and emotional abuse at the hands of their father, a defense that has been met with both skepticism and sympathy over the years.

The new claims by the former Menudo member are being closely examined by legal experts and could potentially impact the public's perception of the Menendez brothers' motives.",,Neutral
97,"Advocates for the brothers have long argued for a reassessment of their case, citing the abuse allegations as a crucial factor that should be reconsidered in their sentencing.

As the story unfolds, it raises questions about the broader culture of silence and abuse within the entertainment industry during that era.",,Neutral
97,"The allegations against José Menendez, if proven true, may prompt further investigation into the practices and protections in place for young performers at the time.

The Menendez brothers are currently serving life sentences without the possibility of parole.",,Neutral
99,"Among the anticipated premieres is a directorial debut by acclaimed actress Natalie Portman, whose film promises to be a poignant exploration of personal and universal themes.

Joining Portman in this exciting lineup is Bradley Cooper, who returns to Tribeca with his second directorial effort following the success of his debut film.",,Neutral
99,"Cooper's latest project is expected to draw significant attention, further cementing his status as a multi-talented force in the film industry.

Other notable names making their directorial mark include Olivia Wilde, who continues to build her reputation as a filmmaker with her latest work, and Ethan Hawke, whose new film is anticipated to be a highlight of the festival.",Neutral,Neutral
100,"**Review: A Tenor Arrives at the Met Opera in 'Elisir'**

In a dazzling debut that left audiences at the Metropolitan Opera spellbound, a new tenor has made his mark in the world of opera.",,Neutral
100,"[Tenor's Name], known for his rich vocal timbre and charismatic stage presence, did not disappoint.

From the moment he stepped onto the stage, [Tenor's Name] captivated the audience with his portrayal of the lovestruck peasant.",,Positive
100,"His rendition of the iconic aria ""Una furtiva lagrima"" was met with rapturous applause, showcasing his ability to convey deep emotion with both vocal finesse and heartfelt sincerity.

Critics have praised [Tenor's Name] for his seamless blend of technical skill and expressive artistry.",,Neutral
100,"His performance was complemented by a stellar cast, including [Soprano's Name] as Adina, whose chemistry with [Tenor's Name] added an extra layer of charm to the production.

The Met's production of ""L'Elisir d'Amore,"" under the direction of [Director's Name], offers a fresh and vibrant take on the classic opera, with stunning set designs and lively choreography that bring the story to life.

As the final curtain fell, the audience erupted into a standing ovation, signaling the arrival of a new star in the operatic firmament.",,Neutral
100,"[Tenor's Name]'s debut at the Met Opera marks the beginning of what promises to be a remarkable career, and opera lovers eagerly await his next performance.

With this triumphant debut, [Tenor's Name] has firmly established himself as a tenor to watch, and his journey at the Met is only just beginning.",,Neutral
101,"For Keeps.**

In a significant transition for the world of ballet, Virginia Johnson, the esteemed Artistic Director of the Dance Theatre of Harlem, has announced her decision to step down from her role.",Neutral,
101,"Johnson, who has been a pivotal figure in the organization for over a decade, will be leaving her position at the end of the current season.

Virginia Johnson's association with the Dance Theatre of Harlem spans several decades, beginning with her tenure as a principal dancer.",Neutral,
101,Her illustrious career has been marked by groundbreaking performances and a commitment to fostering diversity and inclusion in the world of ballet.,Neutral,
101,"Johnson's leadership has been instrumental in revitalizing the company, which was founded in 1969 by the legendary Arthur Mitchell and Karel Shook.

During her time as Artistic Director, Johnson has been credited with expanding the company's repertoire, commissioning new works, and nurturing the next generation of dancers.",Positive,
101,"Her vision and dedication have helped the Dance Theatre of Harlem maintain its status as a beacon of artistic excellence and cultural significance.

In a statement, Johnson expressed her gratitude to the company and its supporters, saying, ""It has been an honor and a privilege to lead the Dance Theatre of Harlem.",Neutral,
101,"I am proud of what we have accomplished together and excited to see the company continue to thrive under new leadership.""

The board of directors has initiated a search for Johnson's successor, aiming to find a leader who will build on her legacy and continue to advance the company's mission.",Positive,
101,"As the Dance Theatre of Harlem prepares for this new chapter, the dance community celebrates Virginia Johnson's enduring impact and her remarkable contributions to the art form.

Johnson's departure marks the end of an era, but her influence will undoubtedly resonate within the company and the broader dance world for years to come.",Positive,
